{
    "T_0": {
        "S_0": [0],
        "S_1": [1.22826, -0.152154, 0.0413143, -0.013583],
        "S_10": [10.2826, -1.52154, 0.413143, -0.13583],
        "S_11": [11.0108, -1.67369, 0.454457, -0.149413],
        "S_12": [11.7391, -1.82584, 0.495771, -0.162996],
        "S_13": [12.2173, -1.978, 0.537086, -0.176579],
        "S_14": [12.6956, -2.13015, 0.5784, -0.190162],
        "S_15": [13.1739, -2.2823, 0.619714, -0.203746],
        "S_16": [13.6521, -2.43446, 0.661029, -0.217329],
        "S_17": [13.8804, -2.58661, 0.702343, -0.230912],
        "S_18": [14.1086, -2.73876, 0.743657, -0.244495],
        "S_19": [14.3369, -2.89092, 0.784971, -0.258078],
        "S_2": [2.45651, -0.304307, 0.0826286, -0.0271661],
        "S_20": [14.5651, -3.04307, 0.826286, -0.271661],
        "S_21": [14.5434, -3.19522, 0.8676, -0.285244],
        "S_22": [14.5217, -3.34738, 0.908914, -0.298827],
        "S_23": [14.4999, -3.49953, 0.950229, -0.31241],
        "S_24": [14.4782, -3.65169, 0.991543, -0.325993],
        "S_25": [14.2064, -3.80384, 1.03286, -0.339576],
        "S_26": [13.9347, -3.95599, 1.07417, -0.353159],
        "S_27": [13.6629, -4.10815, 1.11549, -0.366742],
        "S_28": [13.3912, -4.2603, 1.1568, -0.380325],
        "S_29": [12.8695, -4.41245, 1.19811, -0.393908],
        "S_3": [3.68477, -0.456461, 0.123943, -0.0407491],
        "S_30": [12.3477, -4.56461, 1.23943, -0.407491],
        "S_31": [11.826, -4.71676, 1.28074, -0.421074],
        "S_32": [11.3042, -4.86891, 1.32206, -0.434657],
        "S_33": [10.5325, -5.02107, 1.36337, -0.44824],
        "S_34": [9.76074, -5.17322, 1.40469, -0.461823],
        "S_35": [8.989, -5.32537, 1.446, -0.475406],
        "S_36": [8.21726, -5.47753, 1.48731, -0.488989],
        "S_37": [7.19551, -5.62968, 1.52863, -0.502572],
        "S_38": [6.17377, -5.78184, 1.56994, -0.516155],
        "S_39": [5.15203, -5.93399, 1.61126, -0.529738],
        "S_4": [4.91303, -0.608614, 0.165257, -0.0543321],
        "S_40": [0, -0.0269714, 4.15131, -6.08614, 1.65257, -0.543321],
        "S_41": [0, -0.247988, 3.10401, -6.2383, 1.69389, -0.556904],
        "S_42": [0, -0.6587, 2.2973, -6.39045, 1.7352, -0.570487],
        "S_43": [0, -1.26631, 1.67323, -6.5426, 1.77651, -0.58407],
        "S_44": [0, -2.07684, 1.22476, -6.69476, 1.81783, -0.597654],
        "S_45": [0, -3.08171, 0.679429, -6.84691, 1.85914, -0.611237],
        "S_46": [0, -4.25672, 0.248311, -6.99906, 1.90046, -0.62482],
        "S_47": [0, -5.42534, 0.134144, -7.15122, 1.94177, -0.638403],
        "S_48": [0, -6.95589, 0, -7.30337, 1.98309, -0.651986],
        "S_49": [0, -16.0839, 2.0244, -0.665569],
        "S_5": [5.89129, -0.760768, 0.206571, -0.0679152],
        "S_50": [0, -17.9938, 2.06571, -0.679152],
        "S_6": [6.86954, -0.912921, 0.247886, -0.0814982],
        "S_7": [7.8478, -1.06507, 0.2892, -0.0950812],
        "S_8": [8.82606, -1.21723, 0.330514, -0.108664],
        "S_9": [9.55431, -1.36938, 0.371829, -0.122247]
    },
    "T_1": {
        "S_0": [0, -17.9938, 2.06571, -0.679152],
        "S_1": [0, -9.94557, 0, -6.06198, 1.85914, -0.611237],
        "S_10": [0, -7.61904, 4.62901, 0, 6.93889e-18],
        "S_11": [0, -7.36054, 5.49017, -0.2046, 0.0691363],
        "S_12": [0, -7.10203, 6.35134, -0.4092, 0.138273],
        "S_13": [0, -6.84353, 7.2125, -0.6138, 0.207409],
        "S_14": [0, -6.58503, 7.82367, -0.8184, 0.276545],
        "S_15": [0, -6.32652, 8.43484, -1.023, 0.345682],
        "S_16": [0, -6.06802, 9.04601, -1.2276, 0.414818],
        "S_17": [0, -5.80952, 9.65718, -1.4322, 0.483954],
        "S_18": [0, -5.55101, 10.0183, -1.6368, 0.553091],
        "S_19": [0, -5.29251, 10.3795, -1.8414, 0.622227],
        "S_2": [0, -9.68706, 0, -4.81439, 1.65257, -0.543321],
        "S_20": [0, -5.03401, 10.7407, -2.046, 0.691363],
        "S_21": [0, -4.77551, 11.1018, -2.2506, 0.7605],
        "S_22": [0, -4.517, 11.213, -2.4552, 0.829636],
        "S_23": [0, -4.2585, 11.3242, -2.6598, 0.898772],
        "S_24": [0, -4, 11.4354, -2.8644, 0.967909],
        "S_25": [0, -3.74149, 11.5465, -3.069, 1.03705],
        "S_26": [0, -3.48299, 11.4077, -3.2736, 1.10618],
        "S_27": [0, -3.22449, 11.2689, -3.4782, 1.17532],
        "S_28": [0, -2.96598, 11.13, -3.6828, 1.24445],
        "S_29": [0, -2.70748, 10.9912, -3.8874, 1.31359],
        "S_3": [0, -9.42856, 0.167638, -3.61712, 1.446, -0.475406],
        "S_30": [0, -2.44898, 10.6024, -4.092, 1.38273],
        "S_31": [0, -2.19047, 10.2135, -4.2966, 1.45186],
        "S_32": [0, -1.93197, 9.82469, -4.5012, 1.521],
        "S_33": [0, -1.67347, 9.43586, -4.7058, 1.59014],
        "S_34": [0, -1.41496, 8.79703, -4.9104, 1.65927],
        "S_35": [0, -1.15646, 8.1582, -5.115, 1.72841],
        "S_36": [0, -0.897958, 7.51936, -5.3196, 1.79754],
        "S_37": [0, -0.639455, 6.88053, -5.5242, 1.86668],
        "S_38": [0, -0.380952, 5.9917, -5.7288, 1.93582],
        "S_39": [0, -0.122449, 5.10287, -5.9334, 2.00495],
        "S_4": [0, -9.17006, 0.552984, -2.57477, 1.23943, -0.407491],
        "S_40": [0.137829, -0.0107178, 4.21922, -6.138, 2.07409],
        "S_41": [0.399703, -0.124011, 3.44005, -6.3426, 2.14323],
        "S_42": [0.661577, -0.363808, 2.57864, -6.5472, 2.21236],
        "S_43": [0.923451, -0.822851, 1.80449, -6.7518, 2.2815],
        "S_44": [1.18533, -1.42061, 1.24861, -6.9564, 2.35064],
        "S_45": [1.4472, -2.1871, 0.827163, -7.161, 2.41977],
        "S_46": [1.70907, -3.0343, 0.489801, -7.3656, 2.48891],
        "S_47": [1.97095, -4.16023, 0.146424, -7.5702, 2.55804],
        "S_48": [2.23282, -5.42872, 0, -7.7748, 2.62718],
        "S_49": [2.4947, -6.70324, 0, -7.9794, 2.69632],
        "S_5": [0, -8.91156, 1.07379, -1.71278, 1.03286, -0.339576],
        "S_50": [2.75657, -16.6602, 2.76545],
        "S_6": [0, -8.65305, 1.50372, -1.03963, 0.826286, -0.271661],
        "S_7": [0, -8.39455, 2.1, -0.54951, 0.619714, -0.203746],
        "S_8": [0, -8.13605, 2.85608, -0.224978, 0.413143, -0.13583],
        "S_9": [0, -7.87754, 3.8075, -0.044309, 0.206571, -0.0679152]
    },
    "T_2": {
        "S_0": [2.75657, -16.6602, 2.76545],
        "S_1": [2.68766, -8.0918, 0, -6.55565, 2.50274],
        "S_10": [2.06743, -6.22446, 4.27737, -0.00658284, 0.138273],
        "S_11": [1.99851, -6.01698, 5.09659, -0.122247],
        "S_12": [1.9296, -5.8095, 5.92472, -0.380325],
        "S_13": [1.86069, -5.60202, 6.75285, -0.638403],
        "S_14": [1.79177, -5.39454, 7.58098, -0.89648],
        "S_15": [1.72286, -5.18705, 8.15911, -1.15456],
        "S_16": [1.65394, -4.97957, 8.73725, -1.41264],
        "S_17": [1.58503, -4.77209, 9.31538, -1.67071],
        "S_18": [1.51611, -4.56461, 9.89351, -1.92879],
        "S_19": [1.4472, -4.35712, 10.2216, -2.18687],
        "S_2": [2.61874, -7.88432, 0, -5.34559, 2.24002],
        "S_20": [1.37829, -4.14964, 10.5498, -2.44495],
        "S_21": [1.30937, -3.94216, 10.8779, -2.70302],
        "S_22": [1.24046, -3.73468, 11.206, -2.9611],
        "S_23": [1.17154, -3.5272, 11.2842, -3.21918],
        "S_24": [1.10263, -3.31971, 11.3623, -3.47726],
        "S_25": [1.03371, -3.11223, 11.4404, -3.73533],
        "S_26": [0.9648, -2.90475, 11.5186, -3.99341],
        "S_27": [0.895886, -2.69727, 11.3467, -4.25149],
        "S_28": [0.826971, -2.48979, 11.1748, -4.50957],
        "S_29": [0.758057, -2.2823, 11.003, -4.76765],
        "S_3": [2.54983, -7.67684, 0.163254, -4.06092, 1.9773],
        "S_30": [0.689143, -2.07482, 10.8311, -5.02572],
        "S_31": [0.620229, -1.86734, 10.4092, -5.2838],
        "S_32": [0.551314, -1.65986, 9.98735, -5.54188],
        "S_33": [0.4824, -1.45237, 9.56548, -5.79996],
        "S_34": [0.413486, -1.24489, 9.14361, -6.05803],
        "S_35": [0.344571, -1.03741, 8.47174, -6.31611],
        "S_36": [0.275657, -0.829929, 7.79987, -6.57419],
        "S_37": [0.206743, -0.622446, 7.12801, -6.83227],
        "S_38": [0.137829, -0.414964, 6.45614, -7.09034],