{
    "M_0": [0,0,0,0],
    "M_1": [-41.83593474513901,-30.67968547976861,8.367186949027804,-2.789062316342602],
    "M_2": [11.15624926537041,-33.46874779611122,-33.46874779611122,11.15624926537041],
    "M_3": [-2.789062316342602,8.367186949027804,-30.67968547976861,-41.83593474513901],
    "M_4": [0,0,0,0]
}