{
    "b_1": 0.00014470010237953453,
    "b_2": 0.00014470010237953453,
    "b_3": 0.00014470010237953453,
    "b_4": 0.00014470010237953453
}