{
    "a_1": 0.00028940020475906906,
    "a_2": 0.00028940020475906906,
    "a_3": 0.00028940020475906906,
    "a_4": 0.00028940020475906906
}