{
    "c_1": 0.00028940020475906906,
    "c_2": 0.00028940020475906906,
    "c_3": 0.00028940020475906906,
    "c_4": 0.00028940020475906906
}