{
    "phi_1": 0.0,
    "phi_2": 0.25,
    "phi_3": 0.2666666666666667,
    "phi_4": 0.26785714285714285
}