{
    "phi_prime_1": 0.26785714285714285,
    "phi_prime_2": 0.2666666666666667,
    "phi_prime_3": 0.25,
    "phi_prime_4": 0.0
}