{
    "E_1": 34077.14619918933,
    "E_2": 34077.14619918933,
    "E_3": 34077.14619918933,
    "E_4": 34077.14619918933
}