{
    "b_1": 7.890622411371127e-05,
    "b_2": 9.863278014213908e-05,
    "b_3": 7.890622411371127e-05
}