{
    "c_1": 0.0004734373446822676,
    "c_2": 0.0004734373446822676,
    "c_3": 0.0004734373446822676,
    "c_4": 0.0004734373446822676
}