{
    "c_1": 0.00015781244822742253,
    "c_2": 0.00019726556028427816,
    "c_3": 0.00015781244822742253
}