{
    "b_1": 0.0002367186723411338,
    "b_2": 0.0002367186723411338,
    "b_3": 0.0002367186723411338,
    "b_4": 0.0002367186723411338
}