{
    "a_1": 0.00015781244822742253,
    "a_2": 0.00019726556028427816,
    "a_3": 0.00015781244822742253
}