{
    "a_1": 0.0004734373446822676,
    "a_2": 0.0004734373446822676,
    "a_3": 0.0004734373446822676,
    "a_4": 0.0004734373446822676
}