{
    "phi_1": 0.0,
    "phi_2": 0.25,
    "phi_3": 0.26666666666666666,
    "phi_4": 0.26785714285714285
}