{
    "phi_1": 0.0,
    "phi_2": 0.2777777777777778,
    "phi_3": 0.2408026755852843
}