{
    "phi_prime_1": 0.2408026755852843,
    "phi_prime_2": 0.2777777777777778,
    "phi_prime_3": 0.0
}