{
    "E_1": 42244.23816893582,
    "E_2": 42244.23816893582,
    "E_3": 42244.23816893582
}