{
    "appuis": 1,
    "index": 43,
    "position": 34.40000152587891,
    "travee": 0,
    "valeur": -6.185447535744001
}