{
    "index_section": 32,
    "index_travee": 0,
    "position": 25.60000038146973,
    "valeur": 12.28422911428921
}