{
    "index_section": 39,
    "index_travee": 3,
    "position": 31.20000076293945,
    "valeur": -0.07577230003719325
}