{
    "T_0": {
        "S_0": [0],
        "S_1": [4.88022, -0.579104, 0.160373, -0.0526864],
        "S_10": [43.6822, -5.79104, 1.60373, -0.526864],
        "S_11": [47.2825, -6.37015, 1.7641, -0.57955],
        "S_12": [50.8827, -6.94925, 1.92448, -0.632236],
        "S_13": [53.8429, -7.52836, 2.08485, -0.684923],
        "S_14": [56.8031, -8.10746, 2.24522, -0.737609],
        "S_15": [59.7633, -8.68656, 2.4056, -0.790296],
        "S_16": [62.7236, -9.26567, 2.56597, -0.842982],
        "S_17": [65.0438, -9.84477, 2.72634, -0.895668],
        "S_18": [67.364, -10.4239, 2.88671, -0.948355],
        "S_19": [69.6842, -11.003, 3.04709, -1.00104],
        "S_2": [9.76045, -1.15821, 0.320746, -0.105373],
        "S_20": [72.0045, -11.5821, 3.20746, -1.05373],
        "S_21": [73.6847, -12.1612, 3.36783, -1.10641],
        "S_22": [75.3649, -12.7403, 3.52821, -1.1591],
        "S_23": [77.0451, -13.3194, 3.68858, -1.21179],
        "S_24": [78.7254, -13.8985, 3.84895, -1.26447],
        "S_25": [79.7656, -14.4776, 4.00933, -1.31716],
        "S_26": [80.8058, -15.0567, 4.1697, -1.36985],
        "S_27": [81.846, -15.6358, 4.33007, -1.42253],
        "S_28": [82.8862, -16.2149, 4.49044, -1.47522],
        "S_29": [83.2865, -16.794, 4.65082, -1.5279],
        "S_3": [14.6407, -1.73731, 0.481119, -0.158059],
        "S_30": [83.6867, -17.3731, 4.81119, -1.58059],
        "S_31": [84.0869, -17.9522, 4.97156, -1.63328],
        "S_32": [84.4871, -18.5313, 5.13194, -1.68596],
        "S_33": [84.2474, -19.1104, 5.29231, -1.73865],
        "S_34": [84.0076, -19.6895, 5.45268, -1.79134],
        "S_35": [83.7678, -20.2686, 5.61306, -1.84402],
        "S_36": [83.528, -20.8478, 5.77343, -1.89671],
        "S_37": [82.6483, -21.4269, 5.9338, -1.9494],
        "S_38": [81.7685, -22.006, 6.09417, -2.00208],
        "S_39": [80.8887, -22.5851, 6.25455, -2.05477],
        "S_4": [19.5209, -2.31642, 0.641492, -0.210745],
        "S_40": [80.0089, -23.1642, 6.41492, -2.10745],
        "S_41": [78.4891, -23.7433, 6.57529, -2.16014],
        "S_42": [76.9694, -24.3224, 6.73567, -2.21283],
        "S_43": [75.4496, -24.9015, 6.89604, -2.26551],
        "S_44": [73.9298, -25.4806, 7.05641, -2.3182],
        "S_45": [71.77, -26.0597, 7.21679, -2.37089],
        "S_46": [69.6103, -26.6388, 7.37716, -2.42357],
        "S_47": [67.4505, -27.2179, 7.53753, -2.47626],
        "S_48": [65.2907, -27.797, 7.69791, -2.52895],
        "S_49": [62.4909, -28.3761, 7.85828, -2.58163],
        "S_5": [23.7611, -2.89552, 0.801865, -0.263432],
        "S_50": [59.6912, -28.9552, 8.01865, -2.63432],
        "S_51": [56.8914, -29.5343, 8.17902, -2.687],
        "S_52": [54.0916, -30.1134, 8.3394, -2.73969],
        "S_53": [50.6518, -30.6925, 8.49977, -2.79238],
        "S_54": [47.212, -31.2716, 8.66014, -2.84506],
        "S_55": [43.7723, -31.8507, 8.82052, -2.89775],
        "S_56": [40.3325, -32.4298, 8.98089, -2.95044],
        "S_57": [36.2527, -33.0089, 9.14126, -3.00312],
        "S_58": [32.1729, -33.588, 9.30164, -3.05581],
        "S_59": [28.0932, -34.1672, 9.46201, -3.1085],
        "S_6": [28.0013, -3.47463, 0.962238, -0.316118],
        "S_60": [0, -0.16896, 24.217, -34.7463, 9.62238, -3.16118],
        "S_61": [0, -0.945473, 20.1989, -35.3254, 9.78275, -3.21387],
        "S_62": [0, -2.20232, 16.883, -35.9045, 9.94313, -3.26656],
        "S_63": [0, -4.10066, 13.8747, -36.4836, 10.1035, -3.31924],
        "S_64": [0, -6.43891, 11.5428, -37.0627, 10.2639, -3.37193],
        "S_65": [0, -9.26299, 9.00759, -37.6418, 10.4242, -3.42461],
        "S_66": [0, -12.5559, 6.87653, -38.2209, 10.5846, -3.4773],
        "S_67": [0, -16.0043, 5.50678, -38.8, 10.745, -3.52999],
        "S_68": [0, -20.2514, 4.27684, -39.3791, 10.9054, -3.58267],
        "S_69": [0, -24.9075, 2.71579, -39.9582, 11.0657, -3.63536],
        "S_7": [32.2416, -4.05373, 1.12261, -0.368805],
        "S_70": [0, -29.8982, 1.37142, -40.5373, 11.2261, -3.68805],
        "S_71": [0, -34.9882, 1.08015, -41.1164, 11.3865, -3.74073],
        "S_72": [0, -40.8158, 0.457113, -41.6955, 11.5469, -3.79342],
        "S_73": [0, -46.5027, 0.143462, -42.2746, 11.7072, -3.84611],
        "S_74": [0, -53.0931, 0, -42.8537, 11.8676, -3.89879],
        "S_75": [0, -59.3975, 0, -43.4328, 12.028, -3.95148],
        "S_8": [36.4818, -4.63283, 1.28298, -0.421491],
        "S_9": [40.082, -5.21194, 1.44336, -0.474177]
    },
    "T_1": {
        "S_0": [0, -59.3975, 0, -43.4328, 12.028, -3.95148],
        "S_1": [0, -58.3944, 0, -38.1203, 11.2261, -3.68805],
        "S_10": [0, -49.366, 11.1181, -4.14418, 4.00933, -1.31716],
        "S_11": [0, -48.3628, 13.9585, -2.43094, 3.20746, -1.05373],
        "S_12": [0, -47.3596, 17.0702, -1.29697, 2.4056, -0.790295],
        "S_13": [0, -46.3565, 20.007, -0.495479, 1.60373, -0.526864],
        "S_14": [0, -45.3533, 23.2908, -0.0986209, 0.801865, -0.263432],
        "S_15": [0, -44.3502, 26.888, 0, 0, 0, 0, -4.44089e-17, 0, 0, 0, 0, 0],
        "S_16": [0, -43.347, 30.5966, -0.789739, 0.26624],
        "S_17": [0, -42.3439, 33.6652, -1.57948, 0.53248],
        "S_18": [0, -41.3407, 36.7338, -2.36922, 0.79872],
        "S_19": [0, -40.3375, 39.8024, -3.15895, 1.06496],
        "S_2": [0, -57.3912, 0.0743889, -32.4899, 10.4242, -3.42461],
        "S_20": [0, -39.3344, 42.871, -3.94869, 1.3312],
        "S_21": [0, -38.3312, 45.2997, -4.73843, 1.59744],
        "S_22": [0, -37.3281, 47.7283, -5.52817, 1.86368],
        "S_23": [0, -36.3249, 50.1569, -6.31791, 2.12992],
        "S_24": [0, -35.3217, 52.5855, -7.10765, 2.39616],
        "S_25": [0, -34.3186, 54.3741, -7.89738, 2.6624],
        "S_26": [0, -33.3154, 56.1627, -8.68712, 2.92864],
        "S_27": [0, -32.3123, 57.9513, -9.47686, 3.19488],
        "S_28": [0, -31.3091, 59.7399, -10.2666, 3.46112],
        "S_29": [0, -30.3059, 60.8886, -11.0563, 3.72736],
        "S_3": [0, -56.3881, 0.381915, -27.7783, 9.62238, -3.16118],
        "S_30": [0, -29.3028, 62.0372, -11.8461, 3.9936],
        "S_31": [0, -28.2996, 63.1858, -12.6358, 4.25984],
        "S_32": [0, -27.2965, 64.3344, -13.4256, 4.52608],
        "S_33": [0, -26.2933, 64.843, -14.2153, 4.79232],
        "S_34": [0, -25.2902, 65.3516, -15.005, 5.05856],
        "S_35": [0, -24.287, 65.8602, -15.7948, 5.3248],
        "S_36": [0, -23.2838, 66.3688, -16.5845, 5.59104],
        "S_37": [0, -22.2807, 66.2375, -17.3742, 5.85728],
        "S_38": [0, -21.2775, 66.1061, -18.164, 6.12352],
        "S_39": [0, -20.2744, 65.9747, -18.9537, 6.38976],
        "S_4": [0, -55.3849, 1.57347, -23.0501, 8.82052, -2.89775],
        "S_40": [0, -19.2712, 65.8433, -19.7435, 6.656],
        "S_41": [0, -18.268, 65.0719, -20.5332, 6.92224],
        "S_42": [0, -17.2649, 64.3005, -21.3229, 7.18848],
        "S_43": [0, -16.2617, 63.5291, -22.1127, 7.45472],
        "S_44": [0, -15.2586, 62.7577, -22.9024, 7.72096],
        "S_45": [0, -14.2554, 61.3463, -23.6921, 7.9872],
        "S_46": [0, -13.2523, 59.935, -24.4819, 8.25344],
        "S_47": [0, -12.2491, 58.5236, -25.2716, 8.51968],
        "S_48": [0, -11.2459, 57.1122, -26.0614, 8.78592],
        "S_49": [0, -10.2428, 55.0608, -26.8511, 9.05216],
        "S_5": [0, -54.3818, 2.39657, -18.7029, 8.01865, -2.63432],
        "S_50": [0, -9.23962, 53.0094, -27.6408, 9.3184],
        "S_51": [0, -8.23646, 50.958, -28.4306, 9.58464],
        "S_52": [0, -7.2333, 48.9066, -29.2203, 9.85088],
        "S_53": [0, -6.23014, 46.2152, -30.0101, 10.1171],
        "S_54": [0, -5.22698, 43.5239, -30.7998, 10.3834],
        "S_55": [0, -4.22383, 40.8325, -31.5895, 10.6496],
        "S_56": [0, -3.22067, 38.1411, -32.3793, 10.9158],
        "S_57": [0, -2.21751, 34.8097, -33.169, 11.1821],
        "S_58": [0, -1.21435, 31.4783, -33.9587, 11.4483],
        "S_59": [0, -0.21119, 28.1469, -34.7485, 11.7146],
        "S_6": [0, -53.3786, 3.23626, -15.1014, 7.21679, -2.37089],
        "S_60": [0.802977, -0.051408, 24.8861, -35.5382, 11.9808],