{
    "T_0": {
        "S_0": [0],
        "S_1": [1.09393, -0.177322, 0.0442902],
        "S_10": [9.01934, -1.77322, 0.442902],
        "S_11": [9.63328, -1.95054, 0.487192],
        "S_12": [10.2472, -2.12786, 0.531483],
        "S_13": [10.7011, -2.30518, 0.575773],
        "S_14": [11.1551, -2.4825, 0.620063],
        "S_15": [11.609, -2.65983, 0.664353],
        "S_16": [11.9029, -2.83715, 0.708644],
        "S_17": [12.1969, -3.01447, 0.752934],
        "S_18": [12.4908, -3.19179, 0.797224],
        "S_19": [12.6248, -3.36911, 0.841514],
        "S_2": [2.18787, -0.354643, 0.0885804],
        "S_20": [12.7587, -3.54643, 0.885804],
        "S_21": [12.8926, -3.72376, 0.930095],
        "S_22": [12.8666, -3.90108, 0.974385],
        "S_23": [12.8405, -4.0784, 1.01868],
        "S_24": [12.8144, -4.25572, 1.06297],
        "S_25": [12.6284, -4.43304, 1.10726],
        "S_26": [12.4423, -4.61036, 1.15155],
        "S_27": [12.2562, -4.78769, 1.19584],
        "S_28": [11.9102, -4.96501, 1.24013],
        "S_29": [11.5641, -5.14233, 1.28442],
        "S_3": [3.2818, -0.531965, 0.132871],
        "S_30": [11.218, -5.31965, 1.32871],
        "S_31": [10.712, -5.49697, 1.373],
        "S_32": [10.2059, -5.67429, 1.41729],
        "S_33": [9.69983, -5.85161, 1.46158],
        "S_34": [9.03377, -6.02894, 1.50587],
        "S_35": [8.3677, -6.20626, 1.55016],
        "S_36": [7.70164, -6.38358, 1.59445],
        "S_37": [6.87557, -6.5609, 1.63874],
        "S_38": [6.04951, -6.73822, 1.68303],
        "S_39": [5.22344, -6.91555, 1.72732],
        "S_4": [4.21574, -0.709287, 0.177161],
        "S_40": [4.23737, -7.09287, 1.77161],
        "S_41": [0, -0.0398178, 3.30061, -7.27019, 1.8159],
        "S_42": [0, -0.273088, 2.55106, -7.44751, 1.86019],
        "S_43": [0, -0.6941, 1.82577, -7.62483, 1.90448],
        "S_44": [0, -1.25929, 1.29071, -7.80215, 1.94877],
        "S_45": [0, -2.05123, 0.871486, -7.97948, 1.99306],
        "S_46": [0, -2.95743, 0.483602, -8.1568, 2.03735],
        "S_47": [0, -4.00991, 0.225682, -8.33412, 2.08164],
        "S_48": [0, -5.19936, 0.0840046, -8.51144, 2.12593],
        "S_49": [0, -6.42768, 0.00575481, -8.68876, 2.17022],
        "S_5": [5.14967, -0.886608, 0.221451],
        "S_50": [0, -7.8932, 0, -8.86608, 2.21451],
        "S_6": [6.08361, -1.06393, 0.265741],
        "S_7": [6.85754, -1.24125, 0.310032],
        "S_8": [7.63147, -1.41857, 0.354322],
        "S_9": [8.40541, -1.5959, 0.398612]
    },
    "T_1": {
        "S_0": [0, -9.8665, 0, -11.0826, 2.76814],
        "S_1": [0, -9.61436, 0, -9.24642, 2.51347],
        "S_10": [0, -7.34506, 5.34306, -0.0372245, 0.221451],
        "S_11": [0, -7.09292, 6.51009, -0.0327785],
        "S_12": [0, -6.84078, 7.71946, -0.284081],
        "S_13": [0, -6.58863, 8.67884, -0.535383],
        "S_14": [0, -6.33649, 9.63821, -0.786685],
        "S_15": [0, -6.08434, 10.5976, -1.03799],
        "S_16": [0, -5.8322, 11.307, -1.28929],
        "S_17": [0, -5.58006, 12.0163, -1.54059],
        "S_18": [0, -5.32791, 12.7257, -1.79189],
        "S_19": [0, -5.07577, 13.1851, -2.0432],
        "S_2": [0, -9.36222, 0.0651728, -7.39145, 2.2588],
        "S_20": [0, -4.82362, 13.6444, -2.2945],
        "S_21": [0, -4.57148, 14.1038, -2.5458],
        "S_22": [0, -4.31934, 14.3132, -2.7971],
        "S_23": [0, -4.06719, 14.5226, -3.0484],
        "S_24": [0, -3.81505, 14.7319, -3.29971],
        "S_25": [0, -3.5629, 14.6913, -3.55101],
        "S_26": [0, -3.31076, 14.6507, -3.80231],
        "S_27": [0, -3.05862, 14.61, -4.05361],
        "S_28": [0, -2.80647, 14.3194, -4.30491],
        "S_29": [0, -2.55433, 14.0288, -4.55622],
        "S_3": [0, -9.11007, 0.400014, -5.72567, 2.00413],
        "S_30": [0, -2.30218, 13.7382, -4.80752],
        "S_31": [0, -2.05004, 13.1975, -5.05882],
        "S_32": [0, -1.7979, 12.6569, -5.31012],
        "S_33": [0, -1.54575, 12.1163, -5.56143],
        "S_34": [0, -1.29361, 11.3257, -5.81273],
        "S_35": [0, -1.04146, 10.535, -6.06403],
        "S_36": [0, -0.78932, 9.7444, -6.31533],
        "S_37": [0, -0.537176, 8.70377, -6.56663],
        "S_38": [0, -0.285032, 7.66314, -6.81794],
        "S_39": [0, -0.0328883, 6.62252, -7.06924],
        "S_4": [0, -8.85793, 0.661213, -4.27045, 1.74946],
        "S_40": [0.222869, -0.0375576, 5.36935, -7.32054],
        "S_41": [0.479168, -0.221779, 4.28123, -7.57184],
        "S_42": [0.735468, -0.611393, 3.37943, -7.82314],
        "S_43": [0.991767, -1.2247, 2.40185, -8.07445],
        "S_44": [1.24807, -2.03503, 1.70884, -8.32575],
        "S_45": [1.50437, -3.05776, 1.21702, -8.57705],
        "S_46": [1.76066, -4.29783, 0.673727, -8.82835],
        "S_47": [2.01696, -5.75157, 0.316668, -9.07966],
        "S_48": [2.27326, -7.40538, 0.122675, -9.33096],
        "S_49": [2.52956, -9.08153, 0.000976058, -9.58226],
        "S_5": [0, -8.60578, 1.11866, -3.03631, 1.49479],
        "S_50": [2.78586, -11.1484, 0, -9.83356],
        "S_6": [0, -8.35364, 1.78169, -2.02426, 1.24013],
        "S_7": [0, -8.1015, 2.40035, -1.22697, 0.985457],
        "S_8": [0, -7.84935, 3.27143, -0.6032, 0.730789],
        "S_9": [0, -7.59721, 4.31079, -0.237682, 0.47612]
    },
    "T_2": {
        "S_0": [2.22869, -8.9187, 0, -7.86685],
        "S_1": [2.18412, -8.74032, 0, -6.53351],
        "S_10": [1.78295, -7.13496, 4.21421],
        "S_11": [1.73838, -6.95658, 5.14485],
        "S_12": [1.6938, -6.77821, 6.0755],
        "S_13": [1.64923, -6.59984, 6.84614],
        "S_14": [1.60466, -6.42146, 7.61679],
        "S_15": [1.56008, -6.24309, 8.38743],
        "S_16": [1.51551, -6.06472, 8.99808],
        "S_17": [1.47094, -5.88634, 9.60872],
        "S_18": [1.42636, -5.70797, 10.2194],
        "S_19": [1.38179, -5.52959, 10.67],
        "S_2": [2.13954, -8.56195, 0.049225, -5.20663],
        "S_20": [1.33721, -5.35122, 11.1207],
        "S_21": [1.29264, -5.17284, 11.5713],
        "S_22": [1.24807, -4.99447, 11.8619],
        "S_23": [1.20349, -4.8161, 12.1526],
        "S_24": [1.15892, -4.63772, 12.4432],
        "S_25": [1.11434, -4.45935, 12.5739],
        "S_26": [1.06977, -4.28098, 12.7045],
        "S_27": [1.0252, -4.1026, 12.8352],
        "S_28": [0.980623, -3.92423, 12.8058],
        "S_29": [0.93605, -3.74585, 12.7765],
        "S_3": [2.09497, -8.38358, 0.284515, -4.00985],
        "S_30": [0.891476, -3.56748, 12.7471],
        "S_31": [0.846902, -3.38911, 12.5577],
        "S_32": [0.802328, -3.21073, 12.3684],
        "S_33": [0.757754, -3.03236, 12.179],
        "S_34": [0.713181, -2.85398, 11.8297],
        "S_35": [0.668607, -2.67561, 11.4803],
        "S_36": [0.624033, -2.49724, 11.131],
        "S_37": [0.579459, -2.31886, 10.6216],
        "S_38": [0.534886, -2.14049, 10.1123],
        "S_39": [0.490312, -1.96211, 9.60291],
        "S_4": [2.05039, -8.2052, 0.483379, -2.95611],
        "S_40": [0.445738, -1.78374, 8.93355],
        "S_41": [0.401164, -1.60537, 8.2642],
        "S_42": [0.35659, -1.42699, 7.59484],
        "S_43": [0.312016, -1.24862, 6.76548],
        "S_44": [0.267443, -1.07024, 5.93613],
        "S_45": [0.222869, -0.89187, 5.10678],
        "S_46": [0.178295, -0.713496, 4.11742],
        "S_47": [0.133721, -0.535121, 3.12806],
        "S_48": [0.0891475, -0.356748, 2.13871],
        "S_49": [0.0445737, -0.178374, 1.06935],
        "S_5": [2.00582, -8.02683, 0.818052, -2.0533],
        "S_50": [0],
        "S_6": [1.96125, -7.84845, 1.29574, -1.30443],
        "S_7": [1.91667, -7.67008, 1.81025, -0.690874],
        "S_8": [1.8721, -7.49171, 2.47779, -0.269981],
        "S_9": [1.82753, -7.31333, 3.3256, -0.0471266]
    }
}
