{
    "M_0": [0,0,0,0],
    "M_1": [-241.0285679630344,-176.754283170081,48.20571359185732,-16.06857119734823],
    "M_2": [64.2742847901425,-192.8228543711771,-192.8228543674293,64.27428478939294],
    "M_3": [-16.06857119753563,48.20571359279427,-176.7542831736415,-241.0285679602235],
    "M_4": [0,0,0,0]
}