{
    "M_0": [0,0,0],
    "M_1": [-24.07063352284856,-33.95380296638092,6.686287089489432],
    "M_2": [6.686287089680157,-33.95380296638092,-24.07063352216195],
    "M_3": [0,0,0]
}