{
    "c_1": 33.49160609619494,
    "c_10": 60.2848909731509,
    "c_2": 133.96642438477977,
    "c_3": 46.888248534672925,
    "c_4": 60.2848909731509,
    "c_5": 28.132949120803755,
    "c_6": 60.2848909731509,
    "c_7": 28.132949120803755,
    "c_8": 5.358656975391191,
    "c_9": 100.47481828858483
}