{
    "b_1": 16.74580304809747,
    "b_10": 30.14244548657545,
    "b_2": 66.98321219238989,
    "b_3": 23.444124267336463,
    "b_4": 30.14244548657545,
    "b_5": 14.066474560401877,
    "b_6": 30.14244548657545,
    "b_7": 14.066474560401877,
    "b_8": 2.6793284876955954,
    "b_9": 50.237409144292414
}