{
    "a_1": 33.49160609619494,
    "a_10": 60.2848909731509,
    "a_2": 133.96642438477977,
    "a_3": 46.888248534672925,
    "a_4": 60.2848909731509,
    "a_5": 28.132949120803755,
    "a_6": 60.2848909731509,
    "a_7": 28.132949120803755,
    "a_8": 5.358656975391191,
    "a_9": 100.47481828858483
}