{
    "phi_1": 0.0,
    "phi_10": 0.2202421772366882,
    "phi_2": 0.4,
    "phi_3": 0.1521739130434783,
    "phi_4": 0.2909346451159522,
    "phi_5": 0.17660721251019468,
    "phi_6": 0.3507643780309881,
    "phi_7": 0.18069862789473257,
    "phi_8": 0.08657010138557407,
    "phi_9": 0.4757261686747835
}