{
    "phi_prime_1": 0.11805828363157303,
    "phi_prime_10": 0.0,
    "phi_prime_2": 0.3824018754992215,
    "phi_prime_3": 0.24271446894888618,
    "phi_prime_4": 0.35105859603736633,
    "phi_prime_5": 0.18172718200850016,
    "phi_prime_6": 0.36538140941675207,
    "phi_prime_7": 0.4210011732499023,
    "phi_prime_8": 0.029725963771481654,
    "phi_prime_9": 0.3125
}