{
    "E_1": 42244.23816893582,
    "E_10": 42244.23816893582,
    "E_2": 42244.23816893582,
    "E_3": 42244.23816893582,
    "E_4": 42244.23816893582,
    "E_5": 42244.23816893582,
    "E_6": 42244.23816893582,
    "E_7": 42244.23816893582,
    "E_8": 42244.23816893582,
    "E_9": 42244.23816893582
}