{
    "a_1": 24.911020118812633,
    "a_2": 24.911020118812633,
    "a_3": 83.03673372937544,
    "a_4": 83.03673372937544,
    "a_5": 24.911020118812633,
    "a_6": 24.911020118812633
}