{
    "c_1": 24.911020118812633,
    "c_2": 24.911020118812633,
    "c_3": 83.03673372937544,
    "c_4": 83.03673372937544,
    "c_5": 24.911020118812633,
    "c_6": 24.911020118812633
}