{
    "b_1": 12.455510059406317,
    "b_2": 12.455510059406317,
    "b_3": 41.51836686468772,
    "b_4": 41.51836686468772,
    "b_5": 12.455510059406317,
    "b_6": 12.455510059406317
}