{
    "phi_1": 0.0,
    "phi_2": 0.25,
    "phi_3": 0.39603960396039606,
    "phi_4": 0.2774725274725275,
    "phi_5": 0.1291696238466998,
    "phi_6": 0.2583425009167583
}