{
    "phi_prime_1": 0.2583425009167583,
    "phi_prime_2": 0.1291696238466998,
    "phi_prime_3": 0.2774725274725275,
    "phi_prime_4": 0.39603960396039606,
    "phi_prime_5": 0.25,
    "phi_prime_6": 0.0
}