{
    "appuis": 1,
    "index": 42,
    "position": 36.66666412353516,
    "travee": 1,
    "valeur": -12.1804625670867
}