{
    "M_0": [0,0,0,0,0,0,0,0,0,0],
    "M_1": [-18.42610878669981,-728.3155347691222,14.64190020334422,-6.472504115554682,0.2911822661594762,-0.4038119299025526,0.01368077875449709,-6.670109241917809e-05,0.009260853062547649,-0.000909247412247276],
    "M_10": [0,0,0,0,0,0,0,0,0,0],
    "M_2": [7.046178558186692,-676.4331415307483,-36.60475050836055,16.1812602888867,-0.7279556653986905,1.009529824756382,-0.03420194688624273,0.0001667527310479452,-0.02315213265636912,0.00227311853061819],
    "M_3": [-1.710209486869311,164.1801107260624,-65.36421135743089,-106.3339961841126,4.78370865833425,-6.634053134113362,0.2247556509667379,-0.001095803661172211,0.1521425860275685,-0.0149376360583481],
    "M_4": [0.6003837413901252,-57.6368391687508,22.94666827022937,-140.1964731123315,-16.44255415654502,22.8025546131481,-0.7725296891924348,0.003766494226686127,-0.5229442026986231,0.05134361379475689],
    "M_5": [-0.1091060454465476,10.47418036201423,-4.170033361232647,25.47750998623447,-17.02509997969516,-129.1145151381166,4.374281651423723,-0.02132695586522949,2.961058018332269,-0.2907220665848687],
    "M_6": [0.03986532066114776,-3.827070783158025,1.523652666842061,-9.309008507199726,6.220655026042134,-137.5927604010361,-12.47071232255312,0.06080137323221964,-8.441729559181965,0.8288243755447282],
    "M_7": [-0.01678334677032678,1.611201289819951,-0.6414595603658502,3.919103503324407,-2.61890306434664,57.9267135595289,-41.11361934997885,-0.3364794406056031,46.71717576128892,-4.586777360742145],
    "M_8": [0.0004989011580589475,-0.04789451116975237,0.01906800365230581,-0.1164991287565081,0.0778494176117905,-1.721927388671551,1.222141959311958,-0.1087695581332936,-539.6456168304062,52.98338903766699],
    "M_9": [-0.0001559066118934211,0.01496703474054762,-0.005958751141345565,0.03640597773640879,-0.02432794300368453,0.5381023089598598,-0.3819193622849871,0.03399048691665425,-270.3255605689608,-111.3737114467789]
}