{
    "index_section": 16,
    "index_travee": 3,
    "position": 22.85714340209961,
    "valeur": 7.783183435546349
}