{
    "appuis": 2,
    "index": 85,
    "position": 18.5714282989502,
    "travee": 2,
    "valeur": -6.482202821686886
}