{
    "T_0": {
        "S_0": [0],
        "S_1": [0.377835, -0.0506426, 0.070038, -0.0139093, 0.00071929, -0.000206703],
        "S_10": [3.04365, -0.506426, 0.70038, -0.139093, 0.0071929, -0.00206703],
        "S_11": [3.23782, -0.557069, 0.770418, -0.153003, 0.00791219, -0.00227373],
        "S_12": [3.43198, -0.607711, 0.840456, -0.166912, 0.00863148, -0.00248044],
        "S_13": [3.44246, -0.658354, 0.910494, -0.180821, 0.00935077, -0.00268714],
        "S_14": [3.45295, -0.708996, 0.980532, -0.194731, 0.0100701, -0.00289384],
        "S_15": [3.46344, -0.759639, 1.05057, -0.20864, 0.0107894, -0.00310055],
        "S_16": [3.47393, -0.810282, 1.12061, -0.222549, 0.0115086, -0.00330725],
        "S_17": [3.48442, -0.860924, 1.19065, -0.236459, 0.0122279, -0.00351395],
        "S_18": [3.4949, -0.911567, 1.26068, -0.250368, 0.0129472, -0.00372066],
        "S_19": [3.32172, -0.96221, 1.33072, -0.264277, 0.0136665, -0.00392736],
        "S_2": [0.75567, -0.101285, 0.140076, -0.0278187, 0.00143858, -0.000413406],
        "S_20": [3.14853, -1.01285, 1.40076, -0.278187, 0.0143858, -0.00413406],
        "S_21": [2.97535, -1.06349, 1.4708, -0.292096, 0.0151051, -0.00434077],
        "S_22": [2.80216, -1.11414, 1.54084, -0.306005, 0.0158244, -0.00454747],
        "S_23": [2.62898, -1.16478, 1.61087, -0.319915, 0.0165437, -0.00475417],
        "S_24": [2.45579, -1.21542, 1.68091, -0.333824, 0.017263, -0.00496087],
        "S_25": [2.09893, -1.26607, 1.75095, -0.347733, 0.0179823, -0.00516758],
        "S_26": [1.74207, -1.31671, 1.82099, -0.361643, 0.0187015, -0.00537428],
        "S_27": [1.38521, -1.36735, 1.89103, -0.375552, 0.0194208, -0.00558098],
        "S_28": [0, 0, 1.0096, -1.41799, 1.96106, -0.389461, 0.0201401, -0.00578769],
        "S_29": [0, -0.0392682, 0.726906, -1.46864, 2.0311, -0.403371, 0.0208594, -0.00599439],
        "S_3": [1.1335, -0.151928, 0.210114, -0.041728, 0.00215787, -0.000620109],
        "S_30": [0, -0.188616, 0.51975, -1.51928, 2.10114, -0.41728, 0.0215787, -0.00620109],
        "S_31": [0, -0.446426, 0.147616, -1.56992, 2.17118, -0.431189, 0.022298, -0.0064078],
        "S_32": [0, -0.727449, 0.0635031, -1.62056, 2.24122, -0.445099, 0.0230173, -0.0066145],
        "S_33": [0, -1.18757, 0, -1.67121, 2.31125, -0.459008, 0.0237366, -0.0068212],
        "S_34": [0, -1.6243, 0, -1.72185, 2.38129, -0.472917, 0.0244559, -0.00702791],
        "S_35": [0, -2.06102, 0, -1.77249, 2.45133, -0.486827, 0.0251752, -0.00723461],
        "S_4": [1.51134, -0.20257, 0.280152, -0.0556374, 0.00287716, -0.000826812],
        "S_5": [1.88917, -0.253213, 0.35019, -0.0695467, 0.00359645, -0.00103352],
        "S_6": [2.26701, -0.303856, 0.420228, -0.083456, 0.00431574, -0.00124022],
        "S_7": [2.46117, -0.354498, 0.490266, -0.0973654, 0.00503503, -0.00144692],
        "S_8": [2.65533, -0.405141, 0.560304, -0.111275, 0.00575432, -0.00165362],
        "S_9": [2.84949, -0.455783, 0.630342, -0.125184, 0.00647361, -0.00186033]
    },
    "T_1": {
        "S_0": [0, -2.06102, 0, -1.77249, 2.45133, -0.486827, 0.0251752, -0.00723461],
        "S_1": [0, -1.99453, 0, -1.3879, 2.10114, -0.41728, 0.0215787, -0.00620109],
        "S_10": [0, -1.3961, 1.98796, -0.902241, 0.24318, -0.00926771, 0.00342856],
        "S_11": [0, -1.3296, 2.28276, -1.20299, 0.32424, -0.0123569, 0.00457141],
        "S_12": [0, -1.26311, 2.57757, -1.50373, 0.4053, -0.0154462, 0.00571426],
        "S_13": [0, -1.19662, 2.6887, -1.80448, 0.48636, -0.0185354, 0.00685711],
        "S_14": [0, -1.13013, 2.79983, -2.10523, 0.56742, -0.0216247, 0.00799997],
        "S_15": [0, -1.06363, 2.91096, -2.40598, 0.64848, -0.0247139, 0.00914282],
        "S_16": [0, -0.99714, 3.02209, -2.70672, 0.72954, -0.0278031, 0.0102857],
        "S_17": [0, -0.930648, 3.13322, -3.00747, 0.8106, -0.0308924, 0.0114285],
        "S_18": [0, -0.864155, 3.24435, -3.30822, 0.89166, -0.0339816, 0.0125714],
        "S_19": [0, -0.797662, 3.17181, -3.60896, 0.972721, -0.0370708, 0.0137142],
        "S_2": [0, -1.92804, 0, -1.00331, 1.75095, -0.347733, 0.0179823, -0.00516758],
        "S_20": [0, -0.731169, 3.09927, -3.90971, 1.05378, -0.0401601, 0.0148571],
        "S_21": [0, -0.664677, 3.02673, -4.21046, 1.13484, -0.0432493, 0.0159999],
        "S_22": [0, -0.598184, 2.95419, -4.5112, 1.2159, -0.0463385, 0.0171428],
        "S_23": [0, -0.531691, 2.88164, -4.81195, 1.29696, -0.0494278, 0.0182856],
        "S_24": [0, -0.465198, 2.8091, -5.1127, 1.37802, -0.052517, 0.0194285],
        "S_25": [0, -0.398706, 2.55289, -5.41344, 1.45908, -0.0556062, 0.0205713],
        "S_26": [0, -0.332213, 2.29667, -5.71419, 1.54014, -0.0586955, 0.0217142],
        "S_27": [0, -0.26572, 2.04046, -6.01494, 1.6212, -0.0617847, 0.022857],
        "S_28": [0, -0.199227, 1.78424, -6.31569, 1.70226, -0.064874, 0.0239999],
        "S_29": [0, -0.132735, 1.52803, -6.61643, 1.78332, -0.0679632, 0.0251428],
        "S_3": [0, -1.86155, 0.0436751, -0.581953, 1.40076, -0.278187, 0.0143858, -0.00413406],
        "S_30": [0, -0.0662419, 1.27181, -6.91718, 1.86438, -0.0710524, 0.0262856],
        "S_31": [0.832213, -7.21793, 1.94544, -0.0741417, 0.0274285],
        "S_32": [0.0773331, -0.020925, 0.427115, -7.51867, 2.0265, -0.0772309, 0.0285713],
        "S_33": [0.154376, -0.172113, 0.074349, -7.81942, 2.10756, -0.0803201, 0.0297142],
        "S_34": [0.231418, -0.451446, 0, -8.12017, 2.18862, -0.0834094, 0.030857],
        "S_35": [0.308461, -0.801547, 0, -8.42091, 2.26968, -0.0864986, 0.0319999],
        "S_4": [0, -1.79505, 0.124177, -0.343578, 1.05057, -0.20864, 0.0107894, -0.00310055],
        "S_5": [0, -1.72856, 0.460354, -0.132359, 0.70038, -0.139093, 0.0071929, -0.00206703],
        "S_6": [0, -1.66207, 0.828699, -0.0224375, 0.35019, -0.0695467, 0.00359645, -0.00103352],
        "S_7": [0, -1.59558, 1.10354, 0, 2.37905e-17, 0, 9.29316e-19, 0, 0, -1.39397e-19],
        "S_8": [0, -1.52908, 1.39835, -0.300747, 0.08106, -0.00308924, 0.00114285],
        "S_9": [0, -1.46259, 1.69315, -0.601494, 0.16212, -0.00617847, 0.0022857]
    },
    "T_2": {
        "S_0": [1.0282, -2.67182, 0, -28.0697, 7.5656, -0.288329, 0.106666],
        "S_1": [0.990673, -2.5743, 0, -23.7829, 6.80364, -0.25929, 0.0959234],
        "S_10": [0.652916, -1.69663, 12.5022, -0.0463648, 0.00239765, -0.000689016],
        "S_11": [0.615388, -1.59911, 15.7963, -0.700103, 0.0362043, -0.0104041],
        "S_12": [0.577859, -1.50159, 19.0905, -1.35384, 0.0700109, -0.0201191],
        "S_13": [0.540331, -1.40407, 20.3438, -2.00758, 0.103818, -0.0298341],
        "S_14": [0.502802, -1.30655, 21.5972, -2.66132, 0.137624, -0.0395492],
        "S_15": [0.465273, -1.20903, 22.8505, -3.31506, 0.171431, -0.0492642],
        "S_16": [0.427745, -1.11151, 24.1039, -3.9688, 0.205237, -0.0589793],
        "S_17": [0.390216, -1.01399, 25.3572, -4.62254, 0.239044, -0.0686943],
        "S_18": [0.352688, -0.916473, 26.6106, -5.27628, 0.272851, -0.0784094],
        "S_19": [0.315159, -0.818954, 25.8231, -5.93002, 0.306657, -0.0881244],
        "S_2": [0.953145, -2.47679, 0, -19.4961, 6.04168, -0.230251, 0.0851806],
        "S_20": [0.277631, -0.721434, 25.0357, -6.58375, 0.340464, -0.0978395],
        "S_21": [0.240102, -0.623915, 24.2482, -7.23749, 0.374271, -0.107555],
        "S_22": [0.202574, -0.526395, 23.4607, -7.89123, 0.408077, -0.11727],
        "S_23": [0.165045, -0.428876, 22.6733, -8.54497, 0.441884, -0.126985],
        "S_24": [0.127516, -0.331357, 21.8858, -9.19871, 0.47569, -0.1367],
        "S_25": [0.0899878, -0.233837, 19.0575, -9.85245, 0.509497, -0.146415],
        "S_26": [0.0524593, -0.136318, 16.2292, -10.5062, 0.543304, -0.15613],
        "S_27": [0.0149307, -0.038798, 13.4009, -11.1599, 0.57711, -0.165845],
        "S_28": [0, -0.0195034, 0.0679585, 0, 10.4613, -11.8137, 0.610917, -0.17556],
        "S_29": [0, -0.0518931, 0.180818, -0.234398, 7.92303, -12.4674, 0.644724, -0.185275],