{
    "M_0": [0,0,0,0,0,0],
    "M_1": [-14.51990263760858,-12.64437227516009,50.18971049578042,-11.64095946840874,0.1545766781795394,-0.05152555939372141],
    "M_2": [1.875530361990605,-5.626591086030962,-200.7588419831217,46.56383787363495,-0.6183067127181574,0.2061022375748856],
    "M_3": [-0.5204081498929977,1.561224449695404,-117.5736906476255,-117.5736906309282,1.561224449613347,-0.5204081498765862],
    "M_4": [0.2061022375813852,-0.6183067127506552,46.56383788024773,-200.7588420049298,-5.626591085735232,1.875530361931459],
    "M_5": [-0.0515255593953463,0.1545766781876638,-11.64095947006193,50.18971050123245,-12.64437227567713,-14.51990263715069],
    "M_6": [0,0,0,0,0,0]
}